NAME,MASS,BINDING ENERGY,DESORPTION PREFACTOR,DIFFUSION BARRIER,DIFFUSION PREFACTOR,SOLID_FRACTION,MONO_FRACTION,VOLCANO_FRACTION,ENTHALPY,Ix,Iy,Iz,SYMMETRY FACTOR
H,1,650.0,0.0,0.0,0.0,0.0,0.0,0.0,52.10277246653919,-999.0,-999.0,-999.0,-1
H+,1,0.0,0.0,0.0,0.0,0.0,0.0,0.0,365.69000956022944,-999.0,-999.0,-999.0,-1
H2,2,440.0,0.0,0.0,0.0,0.0,0.0,0.0,0.0,-999.0,-999.0,-999.0,-1
H2+,2,0.0,0.0,0.0,0.0,0.0,0.0,0.0,355.75525812619503,-999.0,-999.0,-999.0,-1
H3+,3,0.0,0.0,0.0,0.0,0.0,0.0,0.0,264.5066921606118,-999.0,-999.0,-999.0,-1
HE,4,0.0,0.0,0.0,0.0,0.0,0.0,0.0,0.0,-999.0,-999.0,-999.0,-1
HE+,4,0.0,0.0,0.0,0.0,0.0,0.0,0.0,566.9985659655832,-999.0,-999.0,-999.0,-1
HEH+,5,0.0,0.0,0.0,0.0,0.0,0.0,0.0,322.24139579349907,-999.0,-999.0,-999.0,-1
C,12,0.0,0.0,0.0,0.0,0.0,0.0,0.0,171.33580305927342,-999.0,-999.0,-999.0,-1
C+,12,0.0,0.0,0.0,0.0,0.0,0.0,0.0,431.031309751434,-999.0,-999.0,-999.0,-1
CH,13,0.0,0.0,0.0,0.0,0.0,0.0,0.0,142.52007648183556,-999.0,-999.0,-999.0,-1
CH+,13,0.0,0.0,0.0,0.0,0.0,0.0,0.0,387.9263862332696,-999.0,-999.0,-999.0,-1
CH2,14,0.0,0.0,0.0,0.0,0.0,0.0,0.0,93.59823135755258,-999.0,-999.0,-999.0,-1
CH2+,14,0.0,0.0,0.0,0.0,0.0,0.0,0.0,333.1888145315487,-999.0,-999.0,-999.0,-1
N,14,0.0,0.0,0.0,0.0,0.0,0.0,0.0,112.92423518164436,-999.0,-999.0,-999.0,-1
N+,14,0.0,0.0,0.0,0.0,0.0,0.0,0.0,448.3083173996176,-999.0,-999.0,-999.0,-1
CH3,15,0.0,0.0,0.0,0.0,0.0,0.0,0.0,35.00932122370937,-999.0,-999.0,-999.0,-1
CH3+,15,0.0,0.0,0.0,0.0,0.0,0.0,0.0,261.809034416826,-999.0,-999.0,-999.0,-1
NH,15,0.0,0.0,0.0,0.0,0.0,0.0,0.0,85.76003824091778,-999.0,-999.0,-999.0,-1
NH+,15,0.0,0.0,0.0,0.0,0.0,0.0,0.0,396.74713193116634,-999.0,-999.0,-999.0,-1
CH4,16,0.0,0.0,0.0,0.0,0.0,0.0,0.0,-17.809034416826005,-999.0,-999.0,-999.0,-1
CH4+,16,0.0,0.0,0.0,0.0,0.0,0.0,0.0,273.4949808795411,-999.0,-999.0,-999.0,-1
NH2,16,0.0,0.0,0.0,0.0,0.0,0.0,0.0,44.46462715105162,-999.0,-999.0,-999.0,-1
NH2+,16,0.0,0.0,0.0,0.0,0.0,0.0,0.0,302.2227533460803,-999.0,-999.0,-999.0,-1
O,16,0.0,0.0,0.0,0.0,0.0,0.0,0.0,59.56716061185468,-999.0,-999.0,-999.0,-1
O+,16,0.0,0.0,0.0,0.0,0.0,0.0,0.0,373.48064053537286,-999.0,-999.0,-999.0,-1
CH5+,17,0.0,0.0,0.0,0.0,0.0,0.0,0.0,217.92065009560227,-999.0,-999.0,-999.0,-1
NH3,17,0.0,0.0,0.0,0.0,0.0,0.0,0.0,-10.887667304015295,-999.0,-999.0,-999.0,-1
NH3+,17,0.0,0.0,0.0,0.0,0.0,0.0,0.0,224.02509560229444,-999.0,-999.0,-999.0,-1
OH,17,0.0,0.0,0.0,0.0,0.0,0.0,0.0,8.966539196940726,-999.0,-999.0,-999.0,-1
OH+,17,0.0,0.0,0.0,0.0,0.0,0.0,0.0,309.12786806883366,-999.0,-999.0,-999.0,-1
H2O,18,0.0,0.0,0.0,0.0,0.0,0.0,0.0,-57.79349904397705,-999.0,-999.0,-999.0,-1
H2O+,18,0.0,0.0,0.0,0.0,0.0,0.0,0.0,233.17184512428295,-999.0,-999.0,-999.0,-1
NH4+,18,0.0,0.0,0.0,0.0,0.0,0.0,0.0,150.97992351816444,-999.0,-999.0,-999.0,-1
H3O+,19,0.0,0.0,0.0,0.0,0.0,0.0,0.0,143.197896749522,-999.0,-999.0,-999.0,-1
C2,24,0.0,0.0,0.0,0.0,0.0,0.0,0.0,198.00023900573612,-999.0,-999.0,-999.0,-1
C2+,24,0.0,0.0,0.0,0.0,0.0,0.0,0.0,471.2045889101338,-999.0,-999.0,-999.0,-1
MG,24,0.0,0.0,0.0,0.0,0.0,0.0,0.0,0.0,-999.0,-999.0,-999.0,-1
MG+,24,0.0,0.0,0.0,0.0,0.0,0.0,0.0,0.0,-999.0,-999.0,-999.0,-1
C2H,25,0.0,0.0,0.0,0.0,0.0,0.0,0.0,135.72179732313575,-999.0,-999.0,-999.0,-1
C2H+,25,0.0,0.0,0.0,0.0,0.0,0.0,0.0,404.1515296367113,-999.0,-999.0,-999.0,-1
C2H2,26,0.0,0.0,0.0,0.0,0.0,0.0,0.0,54.5697896749522,-999.0,-999.0,-999.0,-1
C2H2+,26,0.0,0.0,0.0,0.0,0.0,0.0,0.0,317.45458891013385,-999.0,-999.0,-999.0,-1
CN,26,0.0,0.0,0.0,0.0,0.0,0.0,0.0,105.16969407265772,-999.0,-999.0,-999.0,-1
CN+,26,0.0,0.0,0.0,0.0,0.0,0.0,0.0,427.01242829827913,-999.0,-999.0,-999.0,-1
C2H3,27,0.0,0.0,0.0,0.0,0.0,0.0,0.0,120.68355640535373,-999.0,-999.0,-999.0,-1
HCN,27,0.0,0.0,0.0,0.0,0.0,0.0,0.0,30.904158699808793,-999.0,-999.0,-999.0,-1
HCN+,27,0.0,0.0,0.0,0.0,0.0,0.0,0.0,344.66300191204584,-999.0,-999.0,-999.0,-1
HNC,27,0.0,0.0,0.0,0.0,0.0,0.0,0.0,45.99665391969407,-999.0,-999.0,-999.0,-1
CO,28,0.0,0.0,0.0,0.0,0.0,0.0,0.0,-26.414674952198855,-999.0,-999.0,-999.0,-1
CO+,28,0.0,0.0,0.0,0.0,0.0,0.0,0.0,296.74713193116634,-999.0,-999.0,-999.0,-1
H2CN,28,0.0,0.0,0.0,0.0,0.0,0.0,0.0,65.05975143403441,-999.0,-999.0,-999.0,-1
HCNH+,28,0.0,0.0,0.0,0.0,0.0,0.0,0.0,226.88814531548755,-999.0,-999.0,-999.0,-1
N2,28,0.0,0.0,0.0,0.0,0.0,0.0,0.0,0.0,-999.0,-999.0,-999.0,-1
N2+,28,0.0,0.0,0.0,0.0,0.0,0.0,0.0,359.3001912045889,-999.0,-999.0,-999.0,-1
SI,28,0.0,0.0,0.0,0.0,0.0,0.0,0.0,108.66634799235182,-999.0,-999.0,-999.0,-1
SI+,28,0.0,0.0,0.0,0.0,0.0,0.0,0.0,296.598948374761,-999.0,-999.0,-999.0,-1
C2H4,28,0.0,0.0,0.0,0.0,0.0,0.0,0.0,12.52151051625239,-999.0,-999.0,-999.0,-1
HCO,29,0.0,0.0,0.0,0.0,0.0,0.0,0.0,9.981357552581262,-999.0,-999.0,-999.0,-1
HCO+,29,0.0,0.0,0.0,0.0,0.0,0.0,0.0,197.70052581261947,-999.0,-999.0,-999.0,-1
HOC+,29,0.0,0.0,0.0,0.0,0.0,0.0,0.0,236.0540152963671,-999.0,-999.0,-999.0,-1
N2H+,29,0.0,0.0,0.0,0.0,0.0,0.0,0.0,248.3197896749522,-999.0,-999.0,-999.0,-1
SIH,29,0.0,0.0,0.0,0.0,0.0,0.0,0.0,89.15152963671127,-999.0,-999.0,-999.0,-1
SIH+,29,0.0,0.0,0.0,0.0,0.0,0.0,0.0,271.91204588910136,-999.0,-999.0,-999.0,-1
C2H5,29,0.0,0.0,0.0,0.0,0.0,0.0,0.0,28.859942638623327,-999.0,-999.0,-999.0,-1
H2CO,30,0.0,0.0,0.0,0.0,0.0,0.0,0.0,26.037284894837473,-999.0,-999.0,-999.0,-1
H2CO+,30,0.0,0.0,0.0,0.0,0.0,0.0,0.0,231.42925430210323,-999.0,-999.0,-999.0,-1
NO,30,0.0,0.0,0.0,0.0,0.0,0.0,0.0,21.78561185468451,-999.0,-999.0,-999.0,-1
NO+,30,0.0,0.0,0.0,0.0,0.0,0.0,0.0,235.3035372848948,-999.0,-999.0,-999.0,-1
SIH2,30,0.0,0.0,0.0,0.0,0.0,0.0,0.0,64.51242829827916,-999.0,-999.0,-999.0,-1
SIH2+,30,0.0,0.0,0.0,0.0,0.0,0.0,0.0,275.77198852772466,-999.0,-999.0,-999.0,-1
H2COH,31,0.0,0.0,0.0,0.0,0.0,0.0,0.0,-3.92208413001912,-999.0,-999.0,-999.0,-1
H2COH+,31,0.0,0.0,0.0,0.0,0.0,0.0,0.0,169.64627151051624,-999.0,-999.0,-999.0,-1
HNO,31,0.0,0.0,0.0,0.0,0.0,0.0,0.0,25.571223709369026,-999.0,-999.0,-999.0,-1
HNO+,31,0.0,0.0,0.0,0.0,0.0,0.0,0.0,260.41347992351814,-999.0,-999.0,-999.0,-1
SIH3,31,0.0,0.0,0.0,0.0,0.0,0.0,0.0,47.612332695984705,-999.0,-999.0,-999.0,-1
SIH3+,31,0.0,0.0,0.0,0.0,0.0,0.0,0.0,235.19837476099423,-999.0,-999.0,-999.0,-1
CH2OH,31,0.0,0.0,0.0,0.0,0.0,0.0,0.0,-3.92208413001912,-999.0,-999.0,-999.0,-1
CH3OH,32,0.0,0.0,0.0,0.0,0.0,0.0,0.0,-48.004302103250474,-999.0,-999.0,-999.0,-1
H2NO+,32,0.0,0.0,0.0,0.0,0.0,0.0,0.0,241.96940726577435,-999.0,-999.0,-999.0,-1
O2,32,0.0,0.0,0.0,0.0,0.0,0.0,0.0,0.0,-999.0,-999.0,-999.0,-1
O2+,32,0.0,0.0,0.0,0.0,0.0,0.0,0.0,278.4945028680688,-999.0,-999.0,-999.0,-1
S,32,0.0,0.0,0.0,0.0,0.0,0.0,0.0,66.6993307839388,-999.0,-999.0,-999.0,-1
S+,32,0.0,0.0,0.0,0.0,0.0,0.0,0.0,305.49713193116634,-999.0,-999.0,-999.0,-1
SIH4,32,0.0,0.0,0.0,0.0,0.0,0.0,0.0,7.8919694072657744,-999.0,-999.0,-999.0,-1
SIH4+,32,0.0,0.0,0.0,0.0,0.0,0.0,0.0,262.2848948374761,-999.0,-999.0,-999.0,-1
CH3OH2+,33,0.0,0.0,0.0,0.0,0.0,0.0,0.0,137.4282982791587,-999.0,-999.0,-999.0,-1
HS,33,0.0,0.0,0.0,0.0,0.0,0.0,0.0,34.23996175908221,-999.0,-999.0,-999.0,-1
HS+,33,0.0,0.0,0.0,0.0,0.0,0.0,0.0,274.4622370936902,-999.0,-999.0,-999.0,-1
O2H,33,0.0,0.0,0.0,0.0,0.0,0.0,0.0,2.9063097514340344,-999.0,-999.0,-999.0,-1
O2H+,33,0.0,0.0,0.0,0.0,0.0,0.0,0.0,264.8135755258126,-999.0,-999.0,-999.0,-1
SIH5+,33,0.0,0.0,0.0,0.0,0.0,0.0,0.0,0.0,-999.0,-999.0,-999.0,-1
H2S,34,0.0,0.0,0.0,0.0,0.0,0.0,0.0,-4.851816443594646,-999.0,-999.0,-999.0,-1
H2S+,34,0.0,0.0,0.0,0.0,0.0,0.0,0.0,236.5559273422562,-999.0,-999.0,-999.0,-1
CL,35,0.0,0.0,0.0,0.0,0.0,0.0,0.0,28.99187380497132,-999.0,-999.0,-999.0,-1
CL+,35,0.0,0.0,0.0,0.0,0.0,0.0,0.0,328.05999043977056,-999.0,-999.0,-999.0,-1
H3S+,35,0.0,0.0,0.0,0.0,0.0,0.0,0.0,0.0,-999.0,-999.0,-999.0,-1
C3+,36,0.0,0.0,0.0,0.0,0.0,0.0,0.0,465.3441682600382,-999.0,-999.0,-999.0,-1
HCL,36,0.0,0.0,0.0,0.0,0.0,0.0,0.0,-22.029636711281068,-999.0,-999.0,-999.0,-1
HCL+,36,0.0,0.0,0.0,0.0,0.0,0.0,0.0,271.9244741873805,-999.0,-999.0,-999.0,-1
H2CL+,37,0.0,0.0,0.0,0.0,0.0,0.0,0.0,209.94263862332696,-999.0,-999.0,-999.0,-1
C2N,38,0.0,0.0,0.0,0.0,0.0,0.0,0.0,164.69885277246655,-999.0,-999.0,-999.0,-1
C2N+,38,0.0,0.0,0.0,0.0,0.0,0.0,0.0,412.3565965583174,-999.0,-999.0,-999.0,-1
C3H2,38,0.0,0.0,0.0,0.0,0.0,0.0,0.0,118.57074569789675,-999.0,-999.0,-999.0,-1
C2NH+,39,0.0,0.0,0.0,0.0,0.0,0.0,0.0,360.4206500956023,-999.0,-999.0,-999.0,-1
CH3CCH,40,0.0,0.0,0.0,0.0,0.0,0.0,0.0,44.349904397705544,-999.0,-999.0,-999.0,-1
SIC,40,0.0,0.0,0.0,0.0,0.0,0.0,0.0,177.86806883365202,-999.0,-999.0,-999.0,-1
SIC+,40,0.0,0.0,0.0,0.0,0.0,0.0,0.0,384.65583173996174,-999.0,-999.0,-999.0,-1
C3H5+,41,0.0,0.0,0.0,0.0,0.0,0.0,0.0,260.2174952198853,-999.0,-999.0,-999.0,-1
CH3CN,41,0.0,0.0,0.0,0.0,0.0,0.0,0.0,17.705544933078393,-999.0,-999.0,-999.0,-1
CH2CO,42,0.0,0.0,0.0,0.0,0.0,0.0,0.0,-11.567877629063096,-999.0,-999.0,-999.0,-1
CH3CNH,42,0.0,0.0,0.0,0.0,0.0,0.0,0.0,53.298279158699806,-999.0,-999.0,-999.0,-1
CH3CNH+,42,0.0,0.0,0.0,0.0,0.0,0.0,0.0,196.74952198852773,-999.0,-999.0,-999.0,-1
OCN,42,0.0,0.0,0.0,0.0,0.0,0.0,0.0,30.4612810707457,-999.0,-999.0,-999.0,-1
HNCO,43,0.0,0.0,0.0,0.0,0.0,0.0,0.0,-28.420172084130016,-999.0,-999.0,-999.0,-1
CO2,44,0.0,0.0,0.0,0.0,0.0,0.0,0.0,-94.0432600382409,-999.0,-999.0,-999.0,-1
CS,44,0.0,0.0,0.0,0.0,0.0,0.0,0.0,67.44980879541109,-999.0,-999.0,-999.0,-1
CS+,44,0.0,0.0,0.0,0.0,0.0,0.0,0.0,328.5420650095602,-999.0,-999.0,-999.0,-1
SIO,44,0.0,0.0,0.0,0.0,0.0,0.0,0.0,-23.236137667304018,-999.0,-999.0,-999.0,-1
SIO+,44,0.0,0.0,0.0,0.0,0.0,0.0,0.0,244.52676864244745,-999.0,-999.0,-999.0,-1
CH3CHO,44,0.0,0.0,0.0,0.0,0.0,0.0,0.0,-39.53154875717017,-999.0,-999.0,-999.0,-1
HCO2+,45,0.0,0.0,0.0,0.0,0.0,0.0,0.0,142.83460803059273,-999.0,-999.0,-999.0,-1
HCS,45,0.0,0.0,0.0,0.0,0.0,0.0,0.0,0.0,-999.0,-999.0,-999.0,-1
HCS+,45,0.0,0.0,0.0,0.0,0.0,0.0,0.0,0.0,-999.0,-999.0,-999.0,-1
SIOH+,45,0.0,0.0,0.0,0.0,0.0,0.0,0.0,0.0,-999.0,-999.0,-999.0,-1
HSIO,45,0.0,0.0,0.0,0.0,0.0,0.0,0.0,0.0,-999.0,-999.0,-999.0,-1
NH2CHO,45,0.0,0.0,0.0,0.0,0.0,0.0,0.0,-45.172084130019115,-999.0,-999.0,-999.0,-1
HCOO,45,0.0,0.0,0.0,0.0,0.0,0.0,0.0,86.44837476099426,-999.0,-999.0,-999.0,-1
H2CS,46,0.0,0.0,0.0,0.0,0.0,0.0,0.0,28.10707456978967,-999.0,-999.0,-999.0,-1
H2CS+,46,0.0,0.0,0.0,0.0,0.0,0.0,0.0,244.33556405353727,-999.0,-999.0,-999.0,-1
H2SIO,46,0.0,0.0,0.0,0.0,0.0,0.0,0.0,-23.692638623326957,-999.0,-999.0,-999.0,-1
NO2,46,0.0,0.0,0.0,0.0,0.0,0.0,0.0,96.41491395793498,-999.0,-999.0,-999.0,-1
NS,46,0.0,0.0,0.0,0.0,0.0,0.0,0.0,0.0,-999.0,-999.0,-999.0,-1
NS+,46,0.0,0.0,0.0,0.0,0.0,0.0,0.0,0.0,-999.0,-999.0,-999.0,-1
HCOOH,46,0.0,0.0,0.0,0.0,0.0,0.0,0.0,-90.41108986615676,-999.0,-999.0,-999.0,-1
H2CSH+,47,0.0,0.0,0.0,0.0,0.0,0.0,0.0,0.0,-999.0,-999.0,-999.0,-1
HNS+,47,0.0,0.0,0.0,0.0,0.0,0.0,0.0,0.0,-999.0,-999.0,-999.0,-1
SO,48,0.0,0.0,0.0,0.0,0.0,0.0,0.0,1.431644359464627,-999.0,-999.0,-999.0,-1
SO+,48,0.0,0.0,0.0,0.0,0.0,0.0,0.0,238.972275334608,-999.0,-999.0,-999.0,-1
C4H,49,0.0,0.0,0.0,0.0,0.0,0.0,0.0,193.23135755258127,-999.0,-999.0,-999.0,-1
HSO+,49,0.0,0.0,0.0,0.0,0.0,0.0,0.0,223.6376673040153,-999.0,-999.0,-999.0,-1
C3N,50,0.0,0.0,0.0,0.0,0.0,0.0,0.0,172.60994263862332,-999.0,-999.0,-999.0,-1
HC3N,51,0.0,0.0,0.0,0.0,0.0,0.0,0.0,89.3857552581262,-999.0,-999.0,-999.0,-1
C2N2+,52,0.0,0.0,0.0,0.0,0.0,0.0,0.0,382.5262906309751,-999.0,-999.0,-999.0,-1
NCCN,52,0.0,0.0,0.0,0.0,0.0,0.0,0.0,74.1276290630975,-999.0,-999.0,-999.0,-1
SIC2,52,0.0,0.0,0.0,0.0,0.0,0.0,0.0,0.0,-999.0,-999.0,-999.0,-1
SIC2+,52,0.0,0.0,0.0,0.0,0.0,0.0,0.0,0.0,-999.0,-999.0,-999.0,-1
OCS,60,0.0,0.0,0.0,0.0,0.0,0.0,0.0,-33.44885277246654,-999.0,-999.0,-999.0,-1
OCS+,60,0.0,0.0,0.0,0.0,0.0,0.0,0.0,224.6582217973231,-999.0,-999.0,-999.0,-1
SIS,60,0.0,0.0,0.0,0.0,0.0,0.0,0.0,0.0,-999.0,-999.0,-999.0,-1
SIS+,60,0.0,0.0,0.0,0.0,0.0,0.0,0.0,0.0,-999.0,-999.0,-999.0,-1
OCSH+,61,0.0,0.0,0.0,0.0,0.0,0.0,0.0,0.0,-999.0,-999.0,-999.0,-1
SISH+,61,0.0,0.0,0.0,0.0,0.0,0.0,0.0,0.0,-999.0,-999.0,-999.0,-1
C4N,62,0.0,0.0,0.0,0.0,0.0,0.0,0.0,0.0,-999.0,-999.0,-999.0,-1
C4N+,62,0.0,0.0,0.0,0.0,0.0,0.0,0.0,0.0,-999.0,-999.0,-999.0,-1
SIC3+,64,0.0,0.0,0.0,0.0,0.0,0.0,0.0,0.0,-999.0,-999.0,-999.0,-1
SIC3,64,0.0,0.0,0.0,0.0,0.0,0.0,0.0,0.0,-999.0,-999.0,-999.0,-1
S2,64,0.0,0.0,0.0,0.0,0.0,0.0,0.0,30.513862332695982,-999.0,-999.0,-999.0,-1
S2+,64,0.0,0.0,0.0,0.0,0.0,0.0,0.0,246.6682600382409,-999.0,-999.0,-999.0,-1
SO2+,64,0.0,0.0,0.0,0.0,0.0,0.0,0.0,213.84560229445503,-999.0,-999.0,-999.0,-1
SO2,64,0.0,0.0,0.0,0.0,0.0,0.0,0.0,-70.92495219885276,-999.0,-999.0,-999.0,-1
HS2,65,0.0,0.0,0.0,0.0,0.0,0.0,0.0,0.0,-999.0,-999.0,-999.0,-1
HS2+,65,0.0,0.0,0.0,0.0,0.0,0.0,0.0,0.0,-999.0,-999.0,-999.0,-1
HOSO+,65,0.0,0.0,0.0,0.0,0.0,0.0,0.0,0.0,-999.0,-999.0,-999.0,-1
H2S2+,66,0.0,0.0,0.0,0.0,0.0,0.0,0.0,0.0,-999.0,-999.0,-999.0,-1
H2S2,66,0.0,0.0,0.0,0.0,0.0,0.0,0.0,0.0,-999.0,-999.0,-999.0,-1
#H,1,650.0,0.0,0.0,0.0,0.0,0.0,0.0,51.63,-999.0,-999.0,-999.0,-1
#H2,2,440.0,0.0,0.0,0.0,0.0,0.0,0.0,0.0,-999.0,-999.0,-999.0,-1
#HE,4,100.0,0.0,0.0,0.0,0.0,0.0,0.0,0.0,-999.0,-999.0,-999.0,-1
#C,12,10000.0,0.0,0.0,0.0,0.0,0.0,0.0,170.0,-999.0,-999.0,-999.0,-1
#CH,13,925.0,0.0,0.0,0.0,0.35,0.7,0.667,142.0,-999.0,-999.0,-999.0,-1
#CH2,14,1400.0,0.0,0.0,0.0,0.0,0.7,0.667,93.2,-999.0,-999.0,-999.0,-1
#N,14,720.0,0.0,0.0,0.0,0.0,0.0,0.0,112.5,-999.0,-999.0,-999.0,-1
#CH3,15,1600.0,0.0,0.0,0.0,0.0,0.7,0.667,35.6,-999.0,-999.0,-999.0,-1
#NH,15,2600.0,0.0,0.0,0.0,0.0,0.7,0.667,85.7,-999.0,-999.0,-999.0,-1
#CH4,16,960.0,0.0,0.0,0.0,0.0,0.7,0.667,-15.9,-999.0,-999.0,-999.0,-1
#NH2,16,3200.0,0.0,0.0,0.0,0.0,0.0,0.0,46.2,-999.0,-999.0,-999.0,-1
#O,16,1600.0,0.0,0.0,0.0,0.0,0.0,0.0,59.0,-999.0,-999.0,-999.0,-1
#NH3,17,5500.0,0.0,0.0,0.0,0.0,0.0,0.0,-9.3,-999.0,-999.0,-999.0,-1
#OH,17,4600.0,0.0,0.0,0.0,0.0,0.7,0.667,8.8,-999.0,-999.0,-999.0,-1
#H2O,18,5600.0,0.0,0.0,0.0,0.0,0.0,0.0,-57.1,-999.0,-999.0,-999.0,-1
#C2,24,10000.0,0.0,0.0,0.0,0.0,0.0,0.0,196.6,-999.0,-999.0,-999.0,-1
#MG,24,5300.0,0.0,0.0,0.0,0.0,0.0,0.0,35.0,-999.0,-999.0,-999.0,-1
#C2H,25,3000.0,0.0,0.0,0.0,0.0,0.0,0.0,134.79,-999.0,-999.0,-999.0,-1
#C2H2,26,2587.0,0.0,0.0,0.0,0.0,0.1,0.5,54.5,-999.0,-999.0,-999.0,-1
#CN,26,2800.0,0.0,0.0,0.0,0.0,0.0,0.0,16.07,-999.0,-999.0,-999.0,-1
#HCN,27,3700.0,0.0,0.0,0.0,0.0,0.1,0.5,31.6,-999.0,-999.0,-999.0,-1
#HNC,27,3800.0,0.0,0.0,0.0,0.0,0.1,0.5,46.4,-999.0,-999.0,-999.0,-1
#C2H3,27,2800.0,0.0,0.0,0.0,0.0,0.0,0.0,62.7,-999.0,-999.0,-999.0,-1
#CO,28,1300.0,0.0,0.0,0.0,0.35,0.7,0.667,-27.2,-999.0,-999.0,-999.0,-1
#N2,28,1100.0,0.0,0.0,0.0,0.35,0.7,0.667,0.0,-999.0,-999.0,-999.0,-1
#H2CN,28,2400.0,0.0,0.0,0.0,0.0,0.0,0.0,55.7,-999.0,-999.0,-999.0,-1
#C2H4,28,2500.0,0.0,0.0,0.0,0.0,0.0,0.5,14.6,-999.0,-999.0,-999.0,-1
#SI,28,11600.0,0.0,0.0,0.0,0.0,0.0,0.0,11.58,-999.0,-999.0,-999.0,-1
#HCO,29,2400.0,0.0,0.0,0.0,0.0,0.1,0.5,10.0,-999.0,-999.0,-999.0,-1
#C2H5,29,3100.0,0.0,0.0,0.0,0.0,0.0,0.0,28.3,-999.0,-999.0,-999.0,-1
#SIH,29,11950.0,0.0,0.0,0.0,0.0,0.0,0.0,90.1,-999.0,-999.0,-999.0,-1
#NO,30,1600.0,0.0,0.0,0.0,0.0,0.7,0.667,21.69,-999.0,-999.0,-999.0,-1
#H2CO,30,4500.0,0.0,0.0,0.0,0.0,0.0,0.0,-25.1,-999.0,-999.0,-999.0,-1
#SIH2,30,12300.0,0.0,0.0,0.0,0.0,0.0,0.0,11.0,-999.0,-999.0,-999.0,-1
#H2COH,31,4400.0,0.0,0.0,0.0,0.0,0.1,0.5,4.25,-999.0,-999.0,-999.0,-1
#HNO,31,3000.0,0.0,0.0,0.0,0.0,0.0,0.0,26.3,-999.0,-999.0,-999.0,-1
#CH2OH,31,5084.0,0.0,0.0,0.0,0.0,0.0,0.0,0.0,-999.0,-999.0,-999.0,-1
#SIH3,31,12650.0,0.0,0.0,0.0,0.0,0.0,0.0,11.0,-999.0,-999.0,-999.0,-1
#O2,32,1200.0,0.0,0.0,0.0,0.35,0.7,0.667,0.0,-999.0,-999.0,-999.0,-1
#CH3OH,32,5000.0,0.0,0.0,0.0,0.0,0.0,0.0,-45.4,-999.0,-999.0,-999.0,-1
#SIH4,32,13000.0,0.0,0.0,0.0,0.0,0.0,0.0,11.0,-999.0,-999.0,-999.0,-1
#S,32,2600.0,0.0,0.0,0.0,0.0,0.0,0.0,277.0,-999.0,-999.0,-999.0,-1
#O2H,33,5000.0,0.0,0.0,0.0,0.0,0.0,0.0,3.63,-999.0,-999.0,-999.0,-1
#HS,33,1450.0,0.0,0.0,0.0,0.0,0.0,0.0,0.0,-999.0,-999.0,-999.0,-1
#H2S,34,2700.0,0.0,0.0,0.0,0.0,0.1,0.5,-4.2,-999.0,-999.0,-999.0,-1
#CL,35,5172.0,0.0,0.0,0.0,0.0,0.0,0.0,-39.91,-999.0,-999.0,-999.0,-1
#HCL,36,5172.0,0.0,0.0,0.0,0.0,0.0,0.0,-22.0,-999.0,-999.0,-999.0,-1
#C2N,38,2400.0,0.0,0.0,0.0,0.0,0.0,0.0,674.0,-999.0,-999.0,-999.0,-1
#C3H2,38,5900.0,0.0,0.0,0.0,0.0,0.0,0.0,137.83,-999.0,-999.0,-999.0,-1
#CH3CCH,40,3000.0,0.0,0.0,0.0,0.0,0.0,0.5,47.7,-999.0,-999.0,-999.0,-1
#SIC,40,3500.0,0.0,0.0,0.0,0.0,0.0,0.0,170.88,-999.0,-999.0,-999.0,-1
#CH3CN,41,4680.0,0.0,0.0,0.0,0.0,0.0,0.5,19.0,-999.0,-999.0,-999.0,-1
#CH2CO,42,2800.0,0.0,0.0,0.0,0.0,0.0,0.0,-10.7,-999.0,-999.0,-999.0,-1
#CH3CNH,42,3740.0,0.0,0.0,0.0,0.0,0.1,0.5,195.0,-999.0,-999.0,-999.0,-1
#OCN,42,2400.0,0.0,0.0,0.0,0.0,0.0,0.0,30.6,-999.0,-999.0,-999.0,-1
#HNCO,43,4400.0,0.0,0.0,0.0,0.0,0.0,0.0,-28.45,-999.0,-999.0,-999.0,-1
#SIO,44,3500.0,0.0,0.0,0.0,0.35,0.7,0.667,-24.3,-999.0,-999.0,-999.0,-1
#CS,44,3200.0,0.0,0.0,0.0,0.0,0.7,0.667,65.3,-999.0,-999.0,-999.0,-1
#CO2,44,2600.0,0.0,0.0,0.0,0.0,0.24,0.92,-93.96,-999.0,-999.0,-999.0,-1
#CH3CHO,44,5400.0,0.0,0.0,0.0,0.0,0.0,0.0,0.0,-999.0,-999.0,-999.0,-1
#HCS,45,2900.0,0.0,0.0,0.0,0.0,0.0,0.0,71.7,-999.0,-999.0,-999.0,-1
#HSIO,45,3600.0,0.0,0.0,0.0,0.0,0.0,0.0,-24.3,-999.0,-999.0,-999.0,-1
#NH2CHO,45,6300.0,0.0,0.0,0.0,0.0,0.0,0.0,0.0,-999.0,-999.0,-999.0,-1
#HCOO,45,4000.0,0.0,0.0,0.0,0.0,0.0,0.0,0.0,-999.0,-999.0,-999.0,-1
#H2CS,46,4400.0,0.0,0.0,0.0,0.0,0.0,0.0,28.3,-999.0,-999.0,-999.0,-1
#NO2,46,2400.0,0.0,0.0,0.0,0.0,0.0,0.0,8.8,-999.0,-999.0,-999.0,-1
#NS,46,1900.0,0.0,0.0,0.0,0.0,0.1,0.5,63.8,-999.0,-999.0,-999.0,-1
#H2SIO,46,4400.0,0.0,0.0,0.0,0.0,0.0,0.5,-999.0,-999.0,-999.0,-999.0,-1
#HCOOH,46,5570.0,0.0,0.0,0.0,0.0,0.0,0.0,0.0,-999.0,-999.0,-999.0,-1
#SO,48,2800.0,0.0,0.0,0.0,0.0,0.0,0.0,1.2,-999.0,-999.0,-999.0,-1
#C4H,49,3737.0,0.0,0.0,0.0,0.0,0.0,0.0,191.11,-999.0,-999.0,-999.0,-1
#C3N,50,3200.0,0.0,0.0,0.0,0.0,0.0,0.0,0.0,-999.0,-999.0,-999.0,-1
#HC3N,51,4580.0,0.0,0.0,0.0,0.0,0.0,0.5,84.0,-999.0,-999.0,-999.0,-1
#NCCN,52,3000.0,0.0,0.0,0.0,0.0,0.0,0.0,73.46,-999.0,-999.0,-999.0,-1
#SIC2,52,4300.0,0.0,0.0,0.0,0.0,0.0,0.0,149.38,-999.0,-999.0,-999.0,-1
#SIS,60,3800.0,0.0,0.0,0.0,0.0,0.7,0.667,0.0,-999.0,-999.0,-999.0,-1
#OCS,60,2400.0,0.0,0.0,0.0,0.0,0.0,0.5,-34.0,-999.0,-999.0,-999.0,-1
#C4N,62,4000.0,0.0,0.0,0.0,0.0,0.0,0.0,189.0,-999.0,-999.0,-999.0,-1
#SIC3,64,5100.0,0.0,0.0,0.0,0.0,0.0,0.0,-999.0,-999.0,-999.0,-999.0,-1
#SO2,64,3400.0,0.0,0.0,0.0,0.0,0.0,0.5,-70.3,-999.0,-999.0,-999.0,-1
#S2,64,2200.0,0.0,0.0,0.0,0.0,0.0,0.0,128.0,-999.0,-999.0,-999.0,-1
#HS2,65,5200.0,0.0,0.0,0.0,0.0,0.0,0.0,4.0,-999.0,-999.0,-999.0,-1
#H2S2,66,5400.0,0.0,0.0,0.0,0.0,0.0,0.0,345.8,-999.0,-999.0,-999.0,-1
@H,1,5600.0,0.0,0.0,0.0,0.0,0.0,0.0,51.63,-999.0,-999.0,-999.0,-1
@H2,2,5600.0,0.0,0.0,0.0,0.0,0.0,0.0,0.0,-999.0,-999.0,-999.0,-1
@HE,4,5600.0,0.0,0.0,0.0,0.0,0.0,0.0,0.0,-999.0,-999.0,-999.0,-1
@C,12,5600.0,0.0,0.0,0.0,0.0,0.0,0.0,170.0,-999.0,-999.0,-999.0,-1
@CH,13,5600.0,0.0,0.0,0.0,0.35,0.7,0.667,142.0,-999.0,-999.0,-999.0,-1
@CH2,14,5600.0,0.0,0.0,0.0,0.0,0.7,0.667,93.2,-999.0,-999.0,-999.0,-1
@N,14,5600.0,0.0,0.0,0.0,0.0,0.0,0.0,112.5,-999.0,-999.0,-999.0,-1
@CH3,15,5600.0,0.0,0.0,0.0,0.0,0.7,0.667,35.6,-999.0,-999.0,-999.0,-1
@NH,15,5600.0,0.0,0.0,0.0,0.0,0.7,0.667,85.7,-999.0,-999.0,-999.0,-1
@CH4,16,5600.0,0.0,0.0,0.0,0.0,0.7,0.667,-15.9,-999.0,-999.0,-999.0,-1
@NH2,16,5600.0,0.0,0.0,0.0,0.0,0.0,0.0,46.2,-999.0,-999.0,-999.0,-1
@O,16,5600.0,0.0,0.0,0.0,0.0,0.0,0.0,59.0,-999.0,-999.0,-999.0,-1
@NH3,17,5600.0,0.0,0.0,0.0,0.0,0.0,0.0,-9.3,-999.0,-999.0,-999.0,-1
@OH,17,5600.0,0.0,0.0,0.0,0.0,0.7,0.667,8.8,-999.0,-999.0,-999.0,-1
@H2O,18,5600.0,0.0,0.0,0.0,0.0,0.0,0.0,-57.1,-999.0,-999.0,-999.0,-1
@C2,24,5600.0,0.0,0.0,0.0,0.0,0.0,0.0,196.6,-999.0,-999.0,-999.0,-1
@MG,24,5600.0,0.0,0.0,0.0,0.0,0.0,0.0,35.0,-999.0,-999.0,-999.0,-1
@C2H,25,5600.0,0.0,0.0,0.0,0.0,0.0,0.0,134.79,-999.0,-999.0,-999.0,-1
@C2H2,26,5600.0,0.0,0.0,0.0,0.0,0.1,0.5,54.5,-999.0,-999.0,-999.0,-1
@CN,26,5600.0,0.0,0.0,0.0,0.0,0.0,0.0,16.07,-999.0,-999.0,-999.0,-1
@HCN,27,5600.0,0.0,0.0,0.0,0.0,0.1,0.5,31.6,-999.0,-999.0,-999.0,-1
@HNC,27,5600.0,0.0,0.0,0.0,0.0,0.1,0.5,46.4,-999.0,-999.0,-999.0,-1
@C2H3,27,5600.0,0.0,0.0,0.0,0.0,0.0,0.0,62.7,-999.0,-999.0,-999.0,-1
@CO,28,5600.0,0.0,0.0,0.0,0.35,0.7,0.667,-27.2,-999.0,-999.0,-999.0,-1
@N2,28,5600.0,0.0,0.0,0.0,0.35,0.7,0.667,0.0,-999.0,-999.0,-999.0,-1
@H2CN,28,5600.0,0.0,0.0,0.0,0.0,0.0,0.0,55.7,-999.0,-999.0,-999.0,-1
@C2H4,28,5600.0,0.0,0.0,0.0,0.0,0.0,0.5,14.6,-999.0,-999.0,-999.0,-1
@SI,28,5600.0,0.0,0.0,0.0,0.0,0.0,0.0,11.58,-999.0,-999.0,-999.0,-1
@HCO,29,5600.0,0.0,0.0,0.0,0.0,0.1,0.5,10.0,-999.0,-999.0,-999.0,-1
@C2H5,29,5600.0,0.0,0.0,0.0,0.0,0.0,0.0,28.3,-999.0,-999.0,-999.0,-1
@SIH,29,5600.0,0.0,0.0,0.0,0.0,0.0,0.0,90.1,-999.0,-999.0,-999.0,-1
@NO,30,5600.0,0.0,0.0,0.0,0.0,0.7,0.667,21.69,-999.0,-999.0,-999.0,-1
@H2CO,30,5600.0,0.0,0.0,0.0,0.0,0.0,0.0,-25.1,-999.0,-999.0,-999.0,-1
@SIH2,30,5600.0,0.0,0.0,0.0,0.0,0.0,0.0,11.0,-999.0,-999.0,-999.0,-1
@H2COH,31,5600.0,0.0,0.0,0.0,0.0,0.1,0.5,4.25,-999.0,-999.0,-999.0,-1
@HNO,31,5600.0,0.0,0.0,0.0,0.0,0.0,0.0,26.3,-999.0,-999.0,-999.0,-1
@CH2OH,31,5600.0,0.0,0.0,0.0,0.0,0.0,0.0,0.0,-999.0,-999.0,-999.0,-1
@SIH3,31,5600.0,0.0,0.0,0.0,0.0,0.0,0.0,11.0,-999.0,-999.0,-999.0,-1
@O2,32,5600.0,0.0,0.0,0.0,0.35,0.7,0.667,0.0,-999.0,-999.0,-999.0,-1
@CH3OH,32,5600.0,0.0,0.0,0.0,0.0,0.0,0.0,-45.4,-999.0,-999.0,-999.0,-1
@SIH4,32,5600.0,0.0,0.0,0.0,0.0,0.0,0.0,11.0,-999.0,-999.0,-999.0,-1
@S,32,5600.0,0.0,0.0,0.0,0.0,0.0,0.0,277.0,-999.0,-999.0,-999.0,-1
@O2H,33,5600.0,0.0,0.0,0.0,0.0,0.0,0.0,3.63,-999.0,-999.0,-999.0,-1
@HS,33,5600.0,0.0,0.0,0.0,0.0,0.0,0.0,0.0,-999.0,-999.0,-999.0,-1
@H2S,34,5600.0,0.0,0.0,0.0,0.0,0.1,0.5,-4.2,-999.0,-999.0,-999.0,-1
@CL,35,5600.0,0.0,0.0,0.0,0.0,0.0,0.0,-39.91,-999.0,-999.0,-999.0,-1
@HCL,36,5600.0,0.0,0.0,0.0,0.0,0.0,0.0,-22.0,-999.0,-999.0,-999.0,-1
@C2N,38,5600.0,0.0,0.0,0.0,0.0,0.0,0.0,674.0,-999.0,-999.0,-999.0,-1
@C3H2,38,5600.0,0.0,0.0,0.0,0.0,0.0,0.0,137.83,-999.0,-999.0,-999.0,-1
@CH3CCH,40,5600.0,0.0,0.0,0.0,0.0,0.0,0.5,47.7,-999.0,-999.0,-999.0,-1
@SIC,40,5600.0,0.0,0.0,0.0,0.0,0.0,0.0,170.88,-999.0,-999.0,-999.0,-1
@CH3CN,41,5600.0,0.0,0.0,0.0,0.0,0.0,0.5,19.0,-999.0,-999.0,-999.0,-1
@CH2CO,42,5600.0,0.0,0.0,0.0,0.0,0.0,0.0,-10.7,-999.0,-999.0,-999.0,-1
@CH3CNH,42,5600.0,0.0,0.0,0.0,0.0,0.1,0.5,195.0,-999.0,-999.0,-999.0,-1
@OCN,42,5600.0,0.0,0.0,0.0,0.0,0.0,0.0,30.6,-999.0,-999.0,-999.0,-1
@HNCO,43,5600.0,0.0,0.0,0.0,0.0,0.0,0.0,-28.45,-999.0,-999.0,-999.0,-1
@SIO,44,5600.0,0.0,0.0,0.0,0.35,0.7,0.667,-24.3,-999.0,-999.0,-999.0,-1
@CS,44,5600.0,0.0,0.0,0.0,0.0,0.7,0.667,65.3,-999.0,-999.0,-999.0,-1
@CO2,44,5600.0,0.0,0.0,0.0,0.0,0.24,0.92,-93.96,-999.0,-999.0,-999.0,-1
@CH3CHO,44,5600.0,0.0,0.0,0.0,0.0,0.0,0.0,0.0,-999.0,-999.0,-999.0,-1
@HCS,45,5600.0,0.0,0.0,0.0,0.0,0.0,0.0,71.7,-999.0,-999.0,-999.0,-1
@HSIO,45,5600.0,0.0,0.0,0.0,0.0,0.0,0.0,-24.3,-999.0,-999.0,-999.0,-1
@NH2CHO,45,5600.0,0.0,0.0,0.0,0.0,0.0,0.0,0.0,-999.0,-999.0,-999.0,-1
@HCOO,45,5600.0,0.0,0.0,0.0,0.0,0.0,0.0,0.0,-999.0,-999.0,-999.0,-1
@H2CS,46,5600.0,0.0,0.0,0.0,0.0,0.0,0.0,28.3,-999.0,-999.0,-999.0,-1
@NO2,46,5600.0,0.0,0.0,0.0,0.0,0.0,0.0,8.8,-999.0,-999.0,-999.0,-1
@NS,46,5600.0,0.0,0.0,0.0,0.0,0.1,0.5,63.8,-999.0,-999.0,-999.0,-1
@H2SIO,46,5600.0,0.0,0.0,0.0,0.0,0.0,0.5,-999.0,-999.0,-999.0,-999.0,-1
@HCOOH,46,5600.0,0.0,0.0,0.0,0.0,0.0,0.0,0.0,-999.0,-999.0,-999.0,-1
@SO,48,5600.0,0.0,0.0,0.0,0.0,0.0,0.0,1.2,-999.0,-999.0,-999.0,-1
@C4H,49,5600.0,0.0,0.0,0.0,0.0,0.0,0.0,191.11,-999.0,-999.0,-999.0,-1
@C3N,50,5600.0,0.0,0.0,0.0,0.0,0.0,0.0,0.0,-999.0,-999.0,-999.0,-1
@HC3N,51,5600.0,0.0,0.0,0.0,0.0,0.0,0.5,84.0,-999.0,-999.0,-999.0,-1
@NCCN,52,5600.0,0.0,0.0,0.0,0.0,0.0,0.0,73.46,-999.0,-999.0,-999.0,-1
@SIC2,52,5600.0,0.0,0.0,0.0,0.0,0.0,0.0,149.38,-999.0,-999.0,-999.0,-1
@SIS,60,5600.0,0.0,0.0,0.0,0.0,0.7,0.667,0.0,-999.0,-999.0,-999.0,-1
@OCS,60,5600.0,0.0,0.0,0.0,0.0,0.0,0.5,-34.0,-999.0,-999.0,-999.0,-1
@C4N,62,5600.0,0.0,0.0,0.0,0.0,0.0,0.0,189.0,-999.0,-999.0,-999.0,-1
@SIC3,64,5600.0,0.0,0.0,0.0,0.0,0.0,0.0,-999.0,-999.0,-999.0,-999.0,-1
@SO2,64,5600.0,0.0,0.0,0.0,0.0,0.0,0.5,-70.3,-999.0,-999.0,-999.0,-1
@S2,64,5600.0,0.0,0.0,0.0,0.0,0.0,0.0,128.0,-999.0,-999.0,-999.0,-1
@HS2,65,5600.0,0.0,0.0,0.0,0.0,0.0,0.0,4.0,-999.0,-999.0,-999.0,-1
@H2S2,66,5600.0,0.0,0.0,0.0,0.0,0.0,0.0,345.8,-999.0,-999.0,-999.0,-1
E-,0,0.0,0.0,0.0,0.0,0.0,0.0,0.0,0.0,-999.0,-999.0,-999.0,-1
BULK,999,999.0,0.0,0.0,0.0,999.0,999.0,999.0,999.0,-999.0,-999.0,-999.0,-1
SURFACE,999,999.0,0.0,0.0,0.0,999.0,999.0,999.0,999.0,-999.0,-999.0,-999.0,-1
